시도,시군구,동
경기도,고양시덕양구,고양동
경기도,고양시덕양구,관산동
경기도,고양시덕양구,능곡동
경기도,고양시덕양구,대덕동
경기도,고양시덕양구,삼송1동
경기도,고양시덕양구,삼송2동
경기도,고양시덕양구,성사1동
경기도,고양시덕양구,성사2동
경기도,고양시덕양구,원신동
경기도,고양시덕양구,주교동
경기도,고양시덕양구,창릉동
경기도,고양시덕양구,행신1동
경기도,고양시덕양구,행신2동
경기도,고양시덕양구,행신3동
경기도,고양시덕양구,행신4동
경기도,고양시덕양구,행주동
경기도,고양시덕양구,화전동
경기도,고양시덕양구,화정1동
경기도,고양시덕양구,화정2동
경기도,고양시덕양구,효자동
경기도,고양시덕양구,흥도동
경기도,고양시일산동구,고봉동
경기도,고양시일산동구,마두1동
경기도,고양시일산동구,마두2동
경기도,고양시일산동구,백석1동
경기도,고양시일산동구,백석2동
경기도,고양시일산동구,식사동
경기도,고양시일산동구,장항1동
경기도,고양시일산동구,장항2동
경기도,고양시일산동구,정발산동
경기도,고양시일산동구,중산1동
경기도,고양시일산동구,중산2동
경기도,고양시일산동구,풍산동
경기도,고양시일산서구,가좌동
경기도,고양시일산서구,대화동
경기도,고양시일산서구,덕이동
경기도,고양시일산서구,송포동
경기도,고양시일산서구,일산1동
경기도,고양시일산서구,일산2동
경기도,고양시일산서구,일산3동
경기도,고양시일산서구,주엽1동
경기도,고양시일산서구,주엽2동
경기도,고양시일산서구,탄현1동
경기도,고양시일산서구,탄현2동
경기도,과천시,갈현동
경기도,과천시,과천동
경기도,과천시,문원동
경기도,과천시,별양동
경기도,과천시,부림동
경기도,과천시,원문동
경기도,과천시,중앙동
경기도,광명시,광명1동
경기도,광명시,광명2동
경기도,광명시,광명3동
경기도,광명시,광명4동
경기도,광명시,광명5동
경기도,광명시,광명6동
경기도,광명시,광명7동
경기도,광명시,소하1동
경기도,광명시,소하2동
경기도,광명시,일직동
경기도,광명시,철산1동
경기도,광명시,철산2동
경기도,광명시,철산3동
경기도,광명시,철산4동
경기도,광명시,하안1동
경기도,광명시,하안2동
경기도,광명시,하안3동
경기도,광명시,하안4동
경기도,광명시,학온동
경기도,광주시,경안동
경기도,광주시,광남1동
경기도,광주시,광남2동
경기도,광주시,능평동
경기도,광주시,송정동
경기도,광주시,신현동
경기도,광주시,쌍령동
경기도,광주시,오포1동
경기도,광주시,오포2동
경기도,광주시,탄벌동
경기도,구리시,갈매동
경기도,구리시,교문1동
경기도,구리시,교문2동
경기도,구리시,동구동
경기도,구리시,수택1동
경기도,구리시,수택2동
경기도,구리시,수택3동
경기도,구리시,인창동
경기도,군포시,광정동
경기도,군포시,군포1동
경기도,군포시,군포2동
경기도,군포시,궁내동
경기도,군포시,금정동
경기도,군포시,대야동
경기도,군포시,산본1동
경기도,군포시,산본2동
경기도,군포시,송부동
경기도,군포시,수리동
경기도,군포시,오금동
경기도,군포시,재궁동
경기도,김포시,구래동
경기도,김포시,김포본동
경기도,김포시,마산동
경기도,김포시,사우동
경기도,김포시,운양동
경기도,김포시,장기동
경기도,김포시,장기본동
경기도,김포시,풍무동
경기도,남양주시,금곡동
경기도,남양주시,다산1동
경기도,남양주시,다산2동
경기도,남양주시,별내동
경기도,남양주시,양정동
경기도,남양주시,평내동
경기도,남양주시,호평동
경기도,동두천시,보산동
경기도,동두천시,불현동
경기도,동두천시,상패동
경기도,동두천시,생연1동
경기도,동두천시,생연2동
경기도,동두천시,소요동
경기도,동두천시,송내동
경기도,동두천시,중앙동
경기도,부천시소사구,괴안동
경기도,부천시소사구,범박동
경기도,부천시소사구,소사본1동
경기도,부천시소사구,소사본동
경기도,부천시소사구,송내1동
경기도,부천시소사구,송내2동
경기도,부천시소사구,심곡본1동
경기도,부천시소사구,심곡본동
경기도,부천시소사구,역곡3동
경기도,부천시소사구,옥길동
경기도,부천시오정구,고강1동
경기도,부천시오정구,고강본동
경기도,부천시오정구,성곡동
경기도,부천시오정구,신흥동
경기도,부천시오정구,오정동
경기도,부천시오정구,원종1동
경기도,부천시오정구,원종2동
경기도,부천시원미구,도당동
경기도,부천시원미구,상1동
경기도,부천시원미구,상2동
경기도,부천시원미구,상3동
경기도,부천시원미구,상동
경기도,부천시원미구,소사동
경기도,부천시원미구,심곡1동
경기도,부천시원미구,심곡2동
경기도,부천시원미구,심곡3동
경기도,부천시원미구,약대동
경기도,부천시원미구,역곡1동
경기도,부천시원미구,역곡2동
경기도,부천시원미구,원미1동
경기도,부천시원미구,원미2동
경기도,부천시원미구,중1동
경기도,부천시원미구,중2동
경기도,부천시원미구,중3동
경기도,부천시원미구,중4동
경기도,부천시원미구,중동
경기도,부천시원미구,춘의동
경기도,성남시분당구,구미1동
경기도,성남시분당구,구미동
경기도,성남시분당구,금곡동
경기도,성남시분당구,백현동
경기도,성남시분당구,분당동
경기도,성남시분당구,삼평동
경기도,성남시분당구,서현1동
경기도,성남시분당구,서현2동
경기도,성남시분당구,수내1동
경기도,성남시분당구,수내2동
경기도,성남시분당구,수내3동
경기도,성남시분당구,야탑1동
경기도,성남시분당구,야탑2동
경기도,성남시분당구,야탑3동
경기도,성남시분당구,운중동
경기도,성남시분당구,이매1동
경기도,성남시분당구,이매2동
경기도,성남시분당구,정자1동
경기도,성남시분당구,정자2동
경기도,성남시분당구,정자3동
경기도,성남시분당구,정자동
경기도,성남시분당구,판교동
경기도,성남시수정구,고등동
경기도,성남시수정구,단대동
경기도,성남시수정구,복정동
경기도,성남시수정구,산성동
경기도,성남시수정구,수진1동
경기도,성남시수정구,수진2동
경기도,성남시수정구,시흥동
경기도,성남시수정구,신촌동
경기도,성남시수정구,신흥1동
경기도,성남시수정구,신흥2동
경기도,성남시수정구,신흥3동
경기도,성남시수정구,양지동
경기도,성남시수정구,위례동
경기도,성남시수정구,태평1동
경기도,성남시수정구,태평2동
경기도,성남시수정구,태평3동
경기도,성남시수정구,태평4동
경기도,성남시중원구,금광1동
경기도,성남시중원구,금광2동
경기도,성남시중원구,도촌동
경기도,성남시중원구,상대원1동
경기도,성남시중원구,상대원2동
경기도,성남시중원구,상대원3동
경기도,성남시중원구,성남동
경기도,성남시중원구,은행1동
경기도,성남시중원구,은행2동
경기도,성남시중원구,중앙동
경기도,성남시중원구,하대원동
경기도,수원시권선구,곡선동
경기도,수원시권선구,구운동
경기도,수원시권선구,권선1동
경기도,수원시권선구,권선2동
경기도,수원시권선구,금곡동
경기도,수원시권선구,서둔동
경기도,수원시권선구,세류1동
경기도,수원시권선구,세류2동
경기도,수원시권선구,세류3동
경기도,수원시권선구,입북동
경기도,수원시권선구,평동
경기도,수원시권선구,호매실동
경기도,수원시영통구,광교1동
경기도,수원시영통구,광교2동
경기도,수원시영통구,망포1동
경기도,수원시영통구,망포2동
경기도,수원시영통구,매탄1동
경기도,수원시영통구,매탄2동
경기도,수원시영통구,매탄3동
경기도,수원시영통구,매탄4동
경기도,수원시영통구,영통1동
경기도,수원시영통구,영통2동
경기도,수원시영통구,영통3동
경기도,수원시영통구,원천동
경기도,수원시장안구,송죽동
경기도,수원시장안구,연무동
경기도,수원시장안구,영화동
경기도,수원시장안구,율천동
경기도,수원시장안구,정자1동
경기도,수원시장안구,정자2동
경기도,수원시장안구,정자3동
경기도,수원시장안구,조원1동
경기도,수원시장안구,조원2동
경기도,수원시장안구,파장동
경기도,수원시팔달구,고등동
경기도,수원시팔달구,매교동
경기도,수원시팔달구,매산동
경기도,수원시팔달구,우만1동
경기도,수원시팔달구,우만2동
경기도,수원시팔달구,인계동
경기도,수원시팔달구,지동
경기도,수원시팔달구,행궁동
경기도,수원시팔달구,화서1동
경기도,수원시팔달구,화서2동
경기도,시흥시,거북섬동
경기도,시흥시,과림동
경기도,시흥시,군자동
경기도,시흥시,능곡동
경기도,시흥시,대야동
경기도,시흥시,매화동
경기도,시흥시,목감동
경기도,시흥시,배곧1동
경기도,시흥시,배곧2동
경기도,시흥시,신천동
경기도,시흥시,신현동
경기도,시흥시,연성동
경기도,시흥시,월곶동
경기도,시흥시,은행동
경기도,시흥시,장곡동
경기도,시흥시,정왕1동
경기도,시흥시,정왕2동
경기도,시흥시,정왕3동
경기도,시흥시,정왕4동
경기도,시흥시,정왕본동
경기도,안산시단원구,고잔동
경기도,안산시단원구,대부동
경기도,안산시단원구,백운동
경기도,안산시단원구,선부1동
경기도,안산시단원구,선부2동
경기도,안산시단원구,선부3동
경기도,안산시단원구,신길동
경기도,안산시단원구,와동
경기도,안산시단원구,원곡동
경기도,안산시단원구,중앙동
경기도,안산시단원구,초지동
경기도,안산시단원구,호수동
경기도,안산시상록구,반월동
경기도,안산시상록구,본오1동
경기도,안산시상록구,본오2동
경기도,안산시상록구,본오3동
경기도,안산시상록구,부곡동
경기도,안산시상록구,사동
경기도,안산시상록구,사이동
경기도,안산시상록구,성포동
경기도,안산시상록구,안산동
경기도,안산시상록구,월피동
경기도,안산시상록구,이동
경기도,안산시상록구,일동
경기도,안산시상록구,해양동
경기도,안성시,안성1동
경기도,안성시,안성2동
경기도,안성시,안성3동
경기도,안양시동안구,갈산동
경기도,안양시동안구,관양동
경기도,안양시동안구,귀인동
경기도,안양시동안구,달안동
경기도,안양시동안구,범계동
경기도,안양시동안구,부림동
경기도,안양시동안구,부흥동
경기도,안양시동안구,비산1동
경기도,안양시동안구,비산2동
경기도,안양시동안구,비산3동
경기도,안양시동안구,신촌동
경기도,안양시동안구,인덕원동
경기도,안양시동안구,평안동
경기도,안양시동안구,평촌동
경기도,안양시동안구,호계1동
경기도,안양시동안구,호계2동
경기도,안양시동안구,호계3동
경기도,안양시만안구,명학동
경기도,안양시만안구,박달동
경기도,안양시만안구,병목안동
경기도,안양시만안구,석수1동
경기도,안양시만안구,석수2동
경기도,안양시만안구,안양1동
경기도,안양시만안구,안양2동
경기도,안양시만안구,안양3동
경기도,안양시만안구,안양4동
경기도,안양시만안구,안양5동
경기도,안양시만안구,안양6동
경기도,안양시만안구,안양7동
경기도,안양시만안구,충훈동
경기도,안양시만안구,호현동
경기도,양주시,양주1동
경기도,양주시,양주2동
경기도,양주시,옥정1동
경기도,양주시,옥정2동
경기도,양주시,회천1동
경기도,양주시,회천2동
경기도,양주시,회천3동
경기도,여주시,여흥동
경기도,여주시,오학동
경기도,여주시,중앙동
경기도,오산시,남촌동
경기도,오산시,대원1동
경기도,오산시,대원2동
경기도,오산시,세마동
경기도,오산시,신장1동
경기도,오산시,신장2동
경기도,오산시,중앙동
경기도,오산시,초평동
경기도,용인시기흥구,구갈동
경기도,용인시기흥구,구성동
경기도,용인시기흥구,기흥동
경기도,용인시기흥구,동백1동
경기도,용인시기흥구,동백2동
경기도,용인시기흥구,동백3동
경기도,용인시기흥구,마북동
경기도,용인시기흥구,보라동
경기도,용인시기흥구,보정동
경기도,용인시기흥구,상갈동
경기도,용인시기흥구,상하동
경기도,용인시기흥구,서농동
경기도,용인시기흥구,신갈동
경기도,용인시기흥구,영덕1동
경기도,용인시기흥구,영덕2동
경기도,용인시수지구,동천동
경기도,용인시수지구,상현1동
경기도,용인시수지구,상현2동
경기도,용인시수지구,상현3동
경기도,용인시수지구,성복동
경기도,용인시수지구,신봉동
경기도,용인시수지구,죽전1동
경기도,용인시수지구,죽전2동
경기도,용인시수지구,죽전3동
경기도,용인시수지구,풍덕천1동
경기도,용인시수지구,풍덕천2동
경기도,용인시처인구,동부동
경기도,용인시처인구,삼가동
경기도,용인시처인구,역북동
경기도,용인시처인구,유림1동
경기도,용인시처인구,유림2동
경기도,용인시처인구,중앙동
경기도,의왕시,고천동
경기도,의왕시,내손1동
경기도,의왕시,내손2동
경기도,의왕시,부곡동
경기도,의왕시,오전동
경기도,의왕시,청계동
경기도,의정부시,가능동
경기도,의정부시,고산동
경기도,의정부시,녹양동
경기도,의정부시,송산1동
경기도,의정부시,송산2동
경기도,의정부시,송산3동
경기도,의정부시,신곡1동
경기도,의정부시,신곡2동
경기도,의정부시,의정부1동
경기도,의정부시,의정부2동
경기도,의정부시,자금동
경기도,의정부시,장암동
경기도,의정부시,호원1동
경기도,의정부시,호원2동
경기도,의정부시,흥선동
경기도,이천시,관고동
경기도,이천시,중리동
경기도,이천시,증포동
경기도,이천시,창전동
경기도,파주시,교하동
경기도,파주시,금촌1동
경기도,파주시,금촌2동
경기도,파주시,금촌3동
경기도,파주시,운정1동
경기도,파주시,운정2동
경기도,파주시,운정3동
경기도,파주시,운정4동
경기도,파주시,운정5동
경기도,파주시,운정6동
경기도,평택시,고덕동
경기도,평택시,동삭동
경기도,평택시,비전1동
경기도,평택시,비전2동
경기도,평택시,서정동
경기도,평택시,세교동
경기도,평택시,송북동
경기도,평택시,송탄동
경기도,평택시,신장1동
경기도,평택시,신장2동
경기도,평택시,신평동
경기도,평택시,용이동
경기도,평택시,원평동
경기도,평택시,중앙동
경기도,평택시,지산동
경기도,평택시,통복동
경기도,포천시,선단동
경기도,포천시,포천동
경기도,하남시,감북동
경기도,하남시,감일동
경기도,하남시,덕풍1동
경기도,하남시,덕풍2동
경기도,하남시,덕풍3동
경기도,하남시,미사1동
경기도,하남시,미사2동
경기도,하남시,미사3동
경기도,하남시,신장1동
경기도,하남시,신장2동
경기도,하남시,위례동
경기도,하남시,천현동
경기도,하남시,초이동
경기도,하남시,춘궁동
경기도,화성시동탄구,동탄1동
경기도,화성시동탄구,동탄2동
경기도,화성시동탄구,동탄3동
경기도,화성시동탄구,동탄4동
경기도,화성시동탄구,동탄5동
경기도,화성시동탄구,동탄6동
경기도,화성시동탄구,동탄7동
경기도,화성시동탄구,동탄8동
경기도,화성시동탄구,동탄9동
경기도,화성시만세구,새솔동
경기도,화성시병점구,반월동
경기도,화성시병점구,병점1동
경기도,화성시병점구,병점2동
경기도,화성시병점구,진안동
경기도,화성시병점구,화산동
경기도,화성시효행구,기배동
서울특별시,강남구,개포1동
서울특별시,강남구,개포2동
서울특별시,강남구,개포3동
서울특별시,강남구,개포4동
서울특별시,강남구,논현1동
서울특별시,강남구,논현2동
서울특별시,강남구,대치1동
서울특별시,강남구,대치2동
서울특별시,강남구,대치4동
서울특별시,강남구,도곡1동
서울특별시,강남구,도곡2동
서울특별시,강남구,삼성1동
서울특별시,강남구,삼성2동
서울특별시,강남구,세곡동
서울특별시,강남구,수서동
서울특별시,강남구,신사동
서울특별시,강남구,압구정동
서울특별시,강남구,역삼1동
서울특별시,강남구,역삼2동
서울특별시,강남구,일원1동
서울특별시,강남구,일원본동
서울특별시,강남구,청담동
서울특별시,강동구,강일동
서울특별시,강동구,고덕1동
서울특별시,강동구,고덕2동
서울특별시,강동구,길동
서울특별시,강동구,둔촌1동
서울특별시,강동구,둔촌2동
서울특별시,강동구,명일1동
서울특별시,강동구,명일2동
서울특별시,강동구,상일제1동
서울특별시,강동구,상일제2동
서울특별시,강동구,성내1동
서울특별시,강동구,성내2동
서울특별시,강동구,성내3동
서울특별시,강동구,암사1동
서울특별시,강동구,암사2동
서울특별시,강동구,암사3동
서울특별시,강동구,천호1동
서울특별시,강동구,천호2동
서울특별시,강동구,천호3동
서울특별시,강북구,미아동
서울특별시,강북구,번1동
서울특별시,강북구,번2동
서울특별시,강북구,번3동
서울특별시,강북구,삼각산동
서울특별시,강북구,삼양동
서울특별시,강북구,송중동
서울특별시,강북구,송천동
서울특별시,강북구,수유1동
서울특별시,강북구,수유2동
서울특별시,강북구,수유3동
서울특별시,강북구,우이동
서울특별시,강북구,인수동
서울특별시,강서구,가양1동
서울특별시,강서구,가양2동
서울특별시,강서구,가양3동
서울특별시,강서구,공항동
서울특별시,강서구,등촌1동
서울특별시,강서구,등촌2동
서울특별시,강서구,등촌3동
서울특별시,강서구,발산1동
서울특별시,강서구,방화1동
서울특별시,강서구,방화2동
서울특별시,강서구,방화3동
서울특별시,강서구,염창동
서울특별시,강서구,우장산동
서울특별시,강서구,화곡1동
서울특별시,강서구,화곡2동
서울특별시,강서구,화곡3동
서울특별시,강서구,화곡4동
서울특별시,강서구,화곡6동
서울특별시,강서구,화곡8동
서울특별시,강서구,화곡본동
서울특별시,관악구,낙성대동
서울특별시,관악구,난곡동
서울특별시,관악구,난향동
서울특별시,관악구,남현동
서울특별시,관악구,대학동
서울특별시,관악구,미성동
서울특별시,관악구,보라매동
서울특별시,관악구,삼성동
서울특별시,관악구,서림동
서울특별시,관악구,서원동
서울특별시,관악구,성현동
서울특별시,관악구,신림동
서울특별시,관악구,신사동
서울특별시,관악구,신원동
서울특별시,관악구,은천동
서울특별시,관악구,인헌동
서울특별시,관악구,조원동
서울특별시,관악구,중앙동
서울특별시,관악구,청룡동
서울특별시,관악구,청림동
서울특별시,관악구,행운동
서울특별시,광진구,광장동
서울특별시,광진구,구의1동
서울특별시,광진구,구의2동
서울특별시,광진구,구의3동
서울특별시,광진구,군자동
서울특별시,광진구,능동
서울특별시,광진구,자양1동
서울특별시,광진구,자양2동
서울특별시,광진구,자양3동
서울특별시,광진구,자양4동
서울특별시,광진구,중곡1동
서울특별시,광진구,중곡2동
서울특별시,광진구,중곡3동
서울특별시,광진구,중곡4동
서울특별시,광진구,화양동
서울특별시,구로구,가리봉동
서울특별시,구로구,개봉1동
서울특별시,구로구,개봉2동
서울특별시,구로구,개봉3동
서울특별시,구로구,고척1동
서울특별시,구로구,고척2동
서울특별시,구로구,구로1동
서울특별시,구로구,구로2동
서울특별시,구로구,구로3동
서울특별시,구로구,구로4동
서울특별시,구로구,구로5동
서울특별시,구로구,수궁동
서울특별시,구로구,신도림동
서울특별시,구로구,오류1동
서울특별시,구로구,오류2동
서울특별시,구로구,항동
서울특별시,금천구,가산동
서울특별시,금천구,독산1동
서울특별시,금천구,독산2동
서울특별시,금천구,독산3동
서울특별시,금천구,독산4동
서울특별시,금천구,시흥1동
서울특별시,금천구,시흥2동
서울특별시,금천구,시흥3동
서울특별시,금천구,시흥4동
서울특별시,금천구,시흥5동
서울특별시,노원구,공릉1동
서울특별시,노원구,공릉2동
서울특별시,노원구,상계10동
서울특별시,노원구,상계1동
서울특별시,노원구,상계2동
서울특별시,노원구,상계3·4동
서울특별시,노원구,상계5동
서울특별시,노원구,상계6·7동
서울특별시,노원구,상계8동
서울특별시,노원구,상계9동
서울특별시,노원구,월계1동
서울특별시,노원구,월계2동
서울특별시,노원구,월계3동
서울특별시,노원구,중계1동
서울특별시,노원구,중계2·3동
서울특별시,노원구,중계4동
서울특별시,노원구,중계본동
서울특별시,노원구,하계1동
서울특별시,노원구,하계2동
서울특별시,도봉구,도봉1동
서울특별시,도봉구,도봉2동
서울특별시,도봉구,방학1동
서울특별시,도봉구,방학2동
서울특별시,도봉구,방학3동
서울특별시,도봉구,쌍문1동
서울특별시,도봉구,쌍문2동
서울특별시,도봉구,쌍문3동
서울특별시,도봉구,쌍문4동
서울특별시,도봉구,창1동
서울특별시,도봉구,창2동
서울특별시,도봉구,창3동
서울특별시,도봉구,창4동
서울특별시,도봉구,창5동
서울특별시,동대문구,답십리1동
서울특별시,동대문구,답십리2동
서울특별시,동대문구,신설동
서울특별시,동대문구,용두동
서울특별시,동대문구,이문1동
서울특별시,동대문구,이문2동
서울특별시,동대문구,장안1동
서울특별시,동대문구,장안2동
서울특별시,동대문구,전농1동
서울특별시,동대문구,전농2동
서울특별시,동대문구,제기동
서울특별시,동대문구,청량리동
서울특별시,동대문구,회기동
서울특별시,동대문구,휘경1동
서울특별시,동대문구,휘경2동
서울특별시,동작구,노량진1동
서울특별시,동작구,노량진2동
서울특별시,동작구,대방동
서울특별시,동작구,사당1동
서울특별시,동작구,사당2동
서울특별시,동작구,사당3동
서울특별시,동작구,사당4동
서울특별시,동작구,사당5동
서울특별시,동작구,상도1동
서울특별시,동작구,상도2동
서울특별시,동작구,상도3동
서울특별시,동작구,상도4동
서울특별시,동작구,신대방1동
서울특별시,동작구,신대방2동
서울특별시,동작구,흑석동
서울특별시,마포구,공덕동
서울특별시,마포구,대흥동
서울특별시,마포구,도화동
서울특별시,마포구,망원1동
서울특별시,마포구,망원2동
서울특별시,마포구,상암동
서울특별시,마포구,서강동
서울특별시,마포구,서교동
서울특별시,마포구,성산1동
서울특별시,마포구,성산2동
서울특별시,마포구,신수동
서울특별시,마포구,아현동
서울특별시,마포구,연남동
서울특별시,마포구,염리동
서울특별시,마포구,용강동
서울특별시,마포구,합정동
서울특별시,서대문구,남가좌1동
서울특별시,서대문구,남가좌2동
서울특별시,서대문구,북가좌1동
서울특별시,서대문구,북가좌2동
서울특별시,서대문구,북아현동
서울특별시,서대문구,신촌동
서울특별시,서대문구,연희동
서울특별시,서대문구,천연동
서울특별시,서대문구,충현동
서울특별시,서대문구,홍은1동
서울특별시,서대문구,홍은2동
서울특별시,서대문구,홍제1동
서울특별시,서대문구,홍제2동
서울특별시,서대문구,홍제3동
서울특별시,서초구,내곡동
서울특별시,서초구,반포1동
서울특별시,서초구,반포2동
서울특별시,서초구,반포3동
서울특별시,서초구,반포4동
서울특별시,서초구,반포본동
서울특별시,서초구,방배1동
서울특별시,서초구,방배2동
서울특별시,서초구,방배3동
서울특별시,서초구,방배4동
서울특별시,서초구,방배본동
서울특별시,서초구,서초1동
서울특별시,서초구,서초2동
서울특별시,서초구,서초3동
서울특별시,서초구,서초4동
서울특별시,서초구,양재1동
서울특별시,서초구,양재2동
서울특별시,서초구,잠원동
서울특별시,성동구,금호1가동
서울특별시,성동구,금호2·3가동
서울특별시,성동구,금호4가동
서울특별시,성동구,마장동
서울특별시,성동구,사근동
서울특별시,성동구,성수1가1동
서울특별시,성동구,성수1가2동
서울특별시,성동구,성수2가1동
서울특별시,성동구,성수2가3동
서울특별시,성동구,송정동
서울특별시,성동구,옥수동
서울특별시,성동구,왕십리2동
서울특별시,성동구,왕십리도선동
서울특별시,성동구,용답동
서울특별시,성동구,응봉동
서울특별시,성동구,행당1동
서울특별시,성동구,행당2동
서울특별시,성북구,길음1동
서울특별시,성북구,길음2동
서울특별시,성북구,돈암1동
서울특별시,성북구,돈암2동
서울특별시,성북구,동선동
서울특별시,성북구,보문동
서울특별시,성북구,삼선동
서울특별시,성북구,석관동
서울특별시,성북구,성북동
서울특별시,성북구,안암동
서울특별시,성북구,월곡1동
서울특별시,성북구,월곡2동
서울특별시,성북구,장위1동
서울특별시,성북구,장위2동
서울특별시,성북구,장위3동
서울특별시,성북구,정릉1동
서울특별시,성북구,정릉2동
서울특별시,성북구,정릉3동
서울특별시,성북구,정릉4동
서울특별시,성북구,종암동
서울특별시,송파구,가락1동
서울특별시,송파구,가락2동
서울특별시,송파구,가락본동
서울특별시,송파구,거여1동
서울특별시,송파구,거여2동
서울특별시,송파구,마천1동
서울특별시,송파구,마천2동
서울특별시,송파구,문정1동
서울특별시,송파구,문정2동
서울특별시,송파구,방이1동
서울특별시,송파구,방이2동
서울특별시,송파구,삼전동
서울특별시,송파구,석촌동
서울특별시,송파구,송파1동
서울특별시,송파구,송파2동
서울특별시,송파구,오금동
서울특별시,송파구,오륜동
서울특별시,송파구,위례동
서울특별시,송파구,잠실2동
서울특별시,송파구,잠실3동
서울특별시,송파구,잠실4동
서울특별시,송파구,잠실6동
서울특별시,송파구,잠실7동
서울특별시,송파구,잠실본동
서울특별시,송파구,장지동
서울특별시,송파구,풍납1동
서울특별시,송파구,풍납2동
서울특별시,양천구,목1동
서울특별시,양천구,목2동
서울특별시,양천구,목3동
서울특별시,양천구,목4동
서울특별시,양천구,목5동
서울특별시,양천구,신월1동
서울특별시,양천구,신월2동
서울특별시,양천구,신월3동
서울특별시,양천구,신월4동
서울특별시,양천구,신월5동
서울특별시,양천구,신월6동
서울특별시,양천구,신월7동
서울특별시,양천구,신정1동
서울특별시,양천구,신정2동
서울특별시,양천구,신정3동
서울특별시,양천구,신정4동
서울특별시,양천구,신정6동
서울특별시,양천구,신정7동
서울특별시,영등포구,당산1동
서울특별시,영등포구,당산2동
서울특별시,영등포구,대림1동
서울특별시,영등포구,대림2동
서울특별시,영등포구,대림3동
서울특별시,영등포구,도림동
서울특별시,영등포구,문래동
서울특별시,영등포구,신길1동
서울특별시,영등포구,신길3동
서울특별시,영등포구,신길4동
서울특별시,영등포구,신길5동
서울특별시,영등포구,신길6동
서울특별시,영등포구,신길7동
서울특별시,영등포구,양평1동
서울특별시,영등포구,양평2동
서울특별시,영등포구,여의동
서울특별시,영등포구,영등포동
서울특별시,영등포구,영등포본동
서울특별시,용산구,남영동
서울특별시,용산구,보광동
서울특별시,용산구,서빙고동
서울특별시,용산구,용문동
서울특별시,용산구,용산2가동
서울특별시,용산구,원효로1동
서울특별시,용산구,원효로2동
서울특별시,용산구,이촌1동
서울특별시,용산구,이촌2동
서울특별시,용산구,이태원1동
서울특별시,용산구,이태원2동
서울특별시,용산구,청파동
서울특별시,용산구,한강로동
서울특별시,용산구,한남동
서울특별시,용산구,효창동
서울특별시,용산구,후암동
서울특별시,은평구,갈현1동
서울특별시,은평구,갈현2동
서울특별시,은평구,구산동
서울특별시,은평구,녹번동
서울특별시,은평구,대조동
서울특별시,은평구,불광1동
서울특별시,은평구,불광2동
서울특별시,은평구,수색동
서울특별시,은평구,신사1동
서울특별시,은평구,신사2동
서울특별시,은평구,역촌동
서울특별시,은평구,응암1동
서울특별시,은평구,응암2동
서울특별시,은평구,응암3동
서울특별시,은평구,증산동
서울특별시,은평구,진관동
서울특별시,종로구,가회동
서울특별시,종로구,교남동
서울특별시,종로구,무악동
서울특별시,종로구,부암동
서울특별시,종로구,사직동
서울특별시,종로구,삼청동
서울특별시,종로구,숭인1동
서울특별시,종로구,숭인2동
서울특별시,종로구,이화동
서울특별시,종로구,종로1·2·3·4가동
서울특별시,종로구,종로5·6가동
서울특별시,종로구,창신1동
서울특별시,종로구,창신2동
서울특별시,종로구,창신3동
서울특별시,종로구,청운효자동
서울특별시,종로구,평창동
서울특별시,종로구,혜화동
서울특별시,중구,광희동
서울특별시,중구,다산동
서울특별시,중구,동화동
서울특별시,중구,명동
서울특별시,중구,소공동
서울특별시,중구,신당5동
서울특별시,중구,신당동
서울특별시,중구,약수동
서울특별시,중구,을지로동
서울특별시,중구,장충동
서울특별시,중구,중림동
서울특별시,중구,청구동
서울특별시,중구,필동
서울특별시,중구,황학동
서울특별시,중구,회현동
서울특별시,중랑구,망우3동
서울특별시,중랑구,망우본동
서울특별시,중랑구,면목2동
서울특별시,중랑구,면목3·8동
서울특별시,중랑구,면목4동
서울특별시,중랑구,면목5동
서울특별시,중랑구,면목7동
서울특별시,중랑구,면목본동
서울특별시,중랑구,묵1동
서울특별시,중랑구,묵2동
서울특별시,중랑구,상봉1동
서울특별시,중랑구,상봉2동
서울특별시,중랑구,신내1동
서울특별시,중랑구,신내2동
서울특별시,중랑구,중화1동
서울특별시,중랑구,중화2동
인천광역시,검단구,검단동
인천광역시,검단구,당하동
인천광역시,검단구,마전동
인천광역시,검단구,불로대곡동
인천광역시,검단구,아라1동
인천광역시,검단구,아라2동
인천광역시,검단구,오류왕길동
인천광역시,검단구,원당동
인천광역시,계양구,계산1동
인천광역시,계양구,계산2동
인천광역시,계양구,계산3동
인천광역시,계양구,계산4동
인천광역시,계양구,계양1동
인천광역시,계양구,계양2동
인천광역시,계양구,계양3동
인천광역시,계양구,작전1동
인천광역시,계양구,작전2동
인천광역시,계양구,작전서운동
인천광역시,계양구,효성1동
인천광역시,계양구,효성2동
인천광역시,남동구,간석1동
인천광역시,남동구,간석2동
인천광역시,남동구,간석3동
인천광역시,남동구,간석4동
인천광역시,남동구,구월1동
인천광역시,남동구,구월2동
인천광역시,남동구,구월3동
인천광역시,남동구,구월4동
인천광역시,남동구,남촌도림동
인천광역시,남동구,논현1동
인천광역시,남동구,논현2동
인천광역시,남동구,논현고잔동
인천광역시,남동구,만수1동
인천광역시,남동구,만수2동
인천광역시,남동구,만수3동
인천광역시,남동구,만수4동
인천광역시,남동구,만수5동
인천광역시,남동구,만수6동
인천광역시,남동구,서창2동
인천광역시,남동구,장수서창동
인천광역시,미추홀구,관교동
인천광역시,미추홀구,도화1동
인천광역시,미추홀구,도화2·3동
인천광역시,미추홀구,문학동
인천광역시,미추홀구,숭의1·3동
인천광역시,미추홀구,숭의2동
인천광역시,미추홀구,숭의4동
인천광역시,미추홀구,용현1·4동
인천광역시,미추홀구,용현2동
인천광역시,미추홀구,용현3동
인천광역시,미추홀구,용현5동
인천광역시,미추홀구,주안1동
인천광역시,미추홀구,주안2동
인천광역시,미추홀구,주안3동
인천광역시,미추홀구,주안4동
인천광역시,미추홀구,주안5동
인천광역시,미추홀구,주안6동
인천광역시,미추홀구,주안7동
인천광역시,미추홀구,주안8동
인천광역시,미추홀구,학익1동
인천광역시,미추홀구,학익2동
인천광역시,부평구,갈산1동
인천광역시,부평구,갈산2동
인천광역시,부평구,부개1동
인천광역시,부평구,부개2동
인천광역시,부평구,부개3동
인천광역시,부평구,부평1동
인천광역시,부평구,부평2동
인천광역시,부평구,부평3동
인천광역시,부평구,부평4동
인천광역시,부평구,부평5동
인천광역시,부평구,부평6동
인천광역시,부평구,산곡1동
인천광역시,부평구,산곡2동
인천광역시,부평구,산곡3동
인천광역시,부평구,산곡4동
인천광역시,부평구,삼산1동
인천광역시,부평구,삼산2동
인천광역시,부평구,십정1동
인천광역시,부평구,십정2동
인천광역시,부평구,일신동
인천광역시,부평구,청천1동
인천광역시,부평구,청천2동
인천광역시,서해구,가정1동
인천광역시,서해구,가정2동
인천광역시,서해구,가정3동
인천광역시,서해구,가좌1동
인천광역시,서해구,가좌2동
인천광역시,서해구,가좌3동
인천광역시,서해구,가좌4동
인천광역시,서해구,검암경서동
인천광역시,서해구,석남1동
인천광역시,서해구,석남2동
인천광역시,서해구,석남3동
인천광역시,서해구,신현원창동
인천광역시,서해구,연희동
인천광역시,서해구,청라1동
인천광역시,서해구,청라2동
인천광역시,서해구,청라3동
인천광역시,연수구,동춘1동
인천광역시,연수구,동춘2동
인천광역시,연수구,동춘3동
인천광역시,연수구,선학동
인천광역시,연수구,송도1동
인천광역시,연수구,송도2동
인천광역시,연수구,송도3동
인천광역시,연수구,송도4동
인천광역시,연수구,송도5동
인천광역시,연수구,연수1동
인천광역시,연수구,연수2동
인천광역시,연수구,연수3동
인천광역시,연수구,옥련1동
인천광역시,연수구,옥련2동
인천광역시,연수구,청학동
인천광역시,영종구,영종1동
인천광역시,영종구,영종2동
인천광역시,영종구,영종동
인천광역시,영종구,용유동
인천광역시,영종구,운서1동
인천광역시,영종구,운서2동
인천광역시,제물포구,개항동
인천광역시,제물포구,금창동
인천광역시,제물포구,도원동
인천광역시,제물포구,동인천동
인천광역시,제물포구,만석동
인천광역시,제물포구,송림1동
인천광역시,제물포구,송림2동
인천광역시,제물포구,송림3·5동
인천광역시,제물포구,송림4동
인천광역시,제물포구,송림6동
인천광역시,제물포구,송현1·2동
인천광역시,제물포구,송현3동
인천광역시,제물포구,신포동
인천광역시,제물포구,신흥동
인천광역시,제물포구,연안동
인천광역시,제물포구,율목동
인천광역시,제물포구,화수1·화평동
인천광역시,제물포구,화수2동
